Chevrolet,Cruze
Dodge,Durango
Ford,Escape  *
Ford,Fusion
Toyota,Sienna
GMC,Terrain
Jeep,Wrangler
Subaru,WRX
Ford,EcoSport
Chevrolet,Traverse
Nissan,Rogue
Chevrolet,Equinox
GMC,Acadia
Jeep,Compass
Subaru,Crosstrek
Toyota,RAV4
Chevrolet,Trailblazer
Jeep,Cherokee
Jeep,Grand Cherokee
Subaru,Legacy
Chevrolet,Silverado 1500
Ford,Edge
Nissan,Frontier
Nissan,Murano
Chrysler,Pacifica
Nissan,Pathfinder
Chrysler,Voyager
Toyota,Corolla
Ford,Explorer
Dodge,Grand Caravan
Nissan,Rogue Sport
Ford,F-150
Subaru,Outback
Chevrolet,Colorado
Ram,1500/Classic
Chevrolet,Trax
Chevrolet,Spark
Subaru,Forester
Nissan,Altima
Chevrolet,2500 *
Hyundai,Accent*
GMC,Canyon
Dodge,Charger
Honda,CR-V
Ford,Focus
Toyota,Highlander
Chevrolet,Impala
Kia,Optima
Hyundai,Santa Fe
Hyundai,Santa Fe Sport*
Nissan,Sentra
GMC,Sierra 1500
Kia,Sportage
Chevrolet,Suburban*
Chevrolet,Tahoe*
Volkswagen,Tiguan
Hyundai,Tucson *
Hyundai,Venue*
Nissan,Versa Note
Buick,Encore
Subaru,Impreza *
VW,Jetta
Kia,Soul
Ford,F-250
Ford,Fiesta
Nissan,Kicks*
Ford,Ranger*
Nissan,Titan*
Mitsubishi,Outlander
Kia,Sorento *
VW,Atlas*
Toyota,Camry
Hyundai,Kona*
Chevrolet,Malibu
Nissan,Versa
Hyundai,Elantra
Kia,Forte
